ticker;shortName;sector;industry;last_price;range_52_weeks;averageVolume10days;dividendYield;exDividendDate;profitMargins;trailingPE;forwardPE;trailingEps;forwardEps;beta;marketCap;mostRecentQuarter;currency;modification_date
alnxt.pa;NEXTEDIA;Communication Services;Advertising Agencies;0.6579999923706055;0.62 - 1.01;23134.0;;;0.05029;9.4;;0.07;;1.001934;24736984.0;1672444800.0;EUR;1686139884
alcwe.pa;CHARWOOD ENERGY S.A.;Utilities;Utilities—Renewable;5.619999885559082;5.00 - 11.40;593.0;;;0.06561;;;-0.19;;;29060738.0;1672444800.0;EUR;1686139884
altoo.pa;TOOSLA;Industrials;Rental & Leasing Services;1.4500000476837158;1.38 - 2.91;3216.0;;;-0.38109002;;;-0.46;;;12038176.0;1672444800.0;EUR;1686139884
alcar.pa;CARMAT;Healthcare;Medical Devices;7.829999923706055;7.04 - 15.59;23856.0;;;0.0;;-3.346154;-2.53;-2.34;0.929206;177582048.0;1672444800.0;EUR;1686139884
alexa.pa;EXACOMPTA CLAIREFONTAINE;Basic Materials;Paper & Paper Products;126.0;102.00 - 138.00;57.0;0.0349;1685577600.0;0.03238;5.1873198;;24.29;;0.428626;142566480.0;1672444800.0;EUR;1686139884
altvo.pa;EVOLIS;Technology;Computer Hardware;32.0;25.20 - 35.00;1086.0;0.0704;1685491200.0;0.0;11.721612;17.777779;2.73;1.8;;179483200.0;1672444800.0;EUR;1686139884
alwf.pa;WINFARM;Industrials;Farm & Heavy Construction Machinery;21.0;14.10 - 24.90;168.0;;;0.0;50.0;8.171206;0.42;2.57;;42007560.0;;EUR;1686139884
algil.pa;GROUPE GUILLIN;Consumer Cyclical;Packaging & Containers;26.350000381469727;16.68 - 27.20;1635.0;0.0305;1687824000.0;0.0;9.547102;7.865672;2.76;3.35;;487103488.0;1672444800.0;EUR;1686139884
almce.pa;MON COURTIER ENERGIE GROUPE S.A;Industrials;Specialty Business Services;9.668999671936035;8.20 - 10.30;3836.0;;;0.0;15.347619;;0.63;;;35053896.0;;EUR;1686139884
almlb.pa;MILIBOO;Consumer Cyclical;Furnishings, Fixtures & Appliances;2.400000095367432;1.90 - 3.83;2026.0;;;-0.05328;;;-0.34;;1.258027;16514761.0;1667174400.0;EUR;1686139884
alopm.pa;ONCODESIGN PRECISION MEDICINE;Healthcare;Biotechnology;1.159999966621399;0.62 - 2.50;2496.0;;;0.0;;;-0.44;;;19238600.0;;EUR;1686139884
alecr.pa;EUROFINS CEREP;Healthcare;Diagnostics & Research;29000.0;20,200.00 - 29,000.00;0.0;;;0.23624;12.690355;;2285.2;;0.455319;146276000.0;1656547200.0;EUR;1686139884
aljxr.pa;ARCHOS;Technology;Consumer Electronics;0.0089999996125698;0.01 - 1.06;2178072.0;;;-0.105670005;;;-0.06;;1.049516;185383.0;1672444800.0;EUR;1686139884
algir.pa;SIGNAUX GIROD;Industrials;Railroads;13.5;10.55 - 13.75;134.0;;1536537600.0;-0.03559;;;-3.63;;0.519922;13721130.0;1664496000.0;EUR;1686139884
alroc.pa;ROCTOOL;Technology;Electronic Components;2.799999952316284;2.61 - 4.40;2999.0;;;-0.03341;;;-0.07;;0.558994;12714184.0;1672444800.0;EUR;1686139884
althe.pa;THERACLION;Healthcare;Medical Devices;0.6000000238418579;0.52 - 1.20;35653.0;;;0.0;;6.0;-0.19;0.1;0.413539;17737320.0;1672444800.0;EUR;1686139884
aldr.pa;DELTA DRONE;Industrials;Aerospace & Defense;1.1230000257492063;1.00 - 39,400.00;2109.0;;;-1.75353;;;-2472.23;;1.00735;616760.0;1672444800.0;EUR;1686139884
alers.pa;EUROBIO-SCIENTIFIC;Healthcare;Medical Devices;15.619999885559082;15.40 - 23.46;5805.0;;;0.16309;6.8810573;12.596774;2.27;1.24;-0.124564;170139280.0;1672444800.0;EUR;1686139884
alemg.pa;EUROMEDIS GROUPE;Healthcare;Medical Devices;4.289999961853027;3.78 - 6.28;1210.0;;1485820800.0;-0.1095;;17.16;-2.05;0.25;-0.625531;12827400.0;1672444800.0;EUR;1686139884
alcof.pa;COFIDUR S.A.;Technology;Electronic Components;326.0;298.00 - 392.00;12.0;0.0434;1686009600.0;0.0128999995;18.141348;;17.97;;0.340038;12982950.0;1672444800.0;EUR;1686139884
alfle.pa;FLEURY MICHON;Consumer Defensive;Packaged Foods;18.299999237060547;17.15 - 24.10;593.0;0.0633;1656633600.0;0.030199999;13.656715;32.67857;1.34;0.56;0.416634;76334056.0;1672444800.0;EUR;1686139884
alhpi.pa;HOPIUM;Consumer Cyclical;Auto Manufacturers;1.3980000019073486;1.35 - 24.00;16227.0;;;0.0;;;-1.04;;-0.764731;18936470.0;1672444800.0;EUR;1686139884
alord.pa;ORDISSIMO;Technology;Computer Hardware;1.0199999809265137;0.94 - 2.00;14741.0;;;0.02231;;12.75;-0.2;0.08;-0.374442;1450644.0;1672444800.0;EUR;1686139884
alcrb.pa;CARBIOS;Basic Materials;Specialty Chemicals;40.54999923706055;19.08 - 43.85;45520.0;;;0.0;;-15.656371;-2.94;-2.59;2.092456;456592992.0;1672444800.0;EUR;1686139884
alhaf.pa;HAFFNER ENERGY;Utilities;Utilities—Renewable;2.0199999809265137;1.74 - 8.03;16795.0;;;0.0;;;-0.2;;;89511656.0;1664496000.0;EUR;1686139884
alrfg.pa;RACING FORCE S.p.A.;Consumer Cyclical;Leisure;5.820000171661377;4.11 - 6.34;1250.0;0.015700001;1684108800.0;0.12823;18.1875;;0.32;;;149569344.0;1672444800.0;EUR;1686139884
alvgo.pa;VOGO;Technology;Software—Application;4.449999809265137;3.34 - 5.90;5642.0;;;-0.1038;;37.083332;-0.38;0.12;0.300472;18031666.0;1672444800.0;EUR;1686139884
almar.pa;MARE NOSTRUM;Industrials;Staffing & Employment Services;1.090000033378601;1.08 - 3.22;2954.0;;;0.0;;;-0.26;;;8611643.0;1672444800.0;EUR;1686139884
alimb.pa;IMMO BLOCKCHAIN;Financial Services;Capital Markets;0.984000027179718;0.66 - 4.14;3006.0;;;-0.20817;;;-0.03;;0.554014;7740843.0;;EUR;1686139884
alago.pa;E-PANGO;Utilities;Utilities—Renewable;2.200000047683716;0.21 - 4.47;36936.0;;;-0.0075499997;;;-0.03;;;11284262.0;1672444800.0;EUR;1686139884
alesk.pa;ESKER;Technology;Software—Application;151.8000030517578;104.60 - 169.50;7243.0;0.004;1655942400.0;0.10561;50.2649;41.47541;3.02;3.66;1.039071;886897600.0;1672444800.0;EUR;1686139884
alttu.pa;TATATU S.p.A.;Technology;Software—Application;7.039999961853027;2.00 - 11.00;12.0;;;0.02135;;;-0.01;;;5741753856.0;1656547200.0;EUR;1686139884
alhgr.pa;HOFFMANN;Basic Materials;Building Materials;10.479999542236328;6.52 - 17.20;5244.0;;;0.0;;-31.757572;-0.48;-0.33;1.072774;154103152.0;1672444800.0;EUR;1686139884
albou.pa;BOURRELIER GROUP;Consumer Cyclical;Home Improvement Retail;46.0;37.00 - 59.00;17.0;;1569456000.0;0.03428;30.463577;;1.51;;0.2;305355808.0;1656547200.0;EUR;1686139884
aldlt.pa;DELTA PLUS GROUP;Consumer Cyclical;Footwear & Accessories;80.5999984741211;51.70 - 83.50;504.0;0.0138;1655856000.0;0.08044;17.112526;14.898336;4.71;5.41;1.342359;578679808.0;1672444800.0;EUR;1686139884
alpar.pa;GROUPE PAROT;Consumer Cyclical;Auto & Truck Dealerships;1.809999942779541;1.54 - 2.29;696.0;;;0.00629;3.9347825;-36.199997;0.46;-0.05;0.952804;10454813.0;1664496000.0;EUR;1686139884
algtr.pa;GROUPE TERA;Technology;Scientific & Technical Instruments;8.319999694824219;5.65 - 9.00;1279.0;;;0.0039;;;-0.13;;-0.218237;30189452.0;1656547200.0;EUR;1686139884
alpla.pa;EROLD;Communication Services;Internet Content & Information;0.1990000009536743;0.20 - 0.99;5162.0;;1557446400.0;0.0143099995;;;-0.51;;0.863056;1379064.0;1656547200.0;EUR;1686139884
alprg.pa;PROLOGUE;Technology;Software—Application;0.2199999988079071;0.18 - 0.30;27263.0;;;0.00569;;;-0.04;;1.10793;20463432.0;1640908800.0;EUR;1686139884
alboo.pa;BOOSTHEAT;Technology;Consumer Electronics;0.0003000000142492;0.00 - 0.48;111439298.0;;;0.0;;-0.0002631579;-1.87;-1.14;1.839506;144611.0;1640908800.0;EUR;1686139884
alrew.pa;REWORLD MEDIA;Communication Services;Advertising Agencies;4.425000190734863;4.11 - 7.33;49813.0;;;0.08498;5.9;5.53125;0.75;0.8;0.823984;234376336.0;1672444800.0;EUR;1686139884
alcap.pa;CAPELLI;Real Estate;Real Estate—Development;8.300000190734863;8.20 - 20.50;4297.0;;1634083200.0;-0.0078100003;;10.121951;-0.89;0.82;1.511025;18413716.0;1664496000.0;EUR;1686139884
alhex.pa;HEXAOM;Consumer Cyclical;Residential Construction;16.399999618530273;15.10 - 29.70;1473.0;0.081999995;1655164800.0;-0.03101;;4.7262244;-4.73;3.47;1.262669;114037232.0;1672444800.0;EUR;1686139884
alrpd.pa;RAPID NUTRITION;Healthcare;Drug Manufacturers—Specialty & Generic;0.001300000003539;0.00 - 0.04;83657931.0;;;0.26341;;;-0.0;;;802309.0;1656547200.0;EUR;1686139884
alspw.pa;SPINEWAY;Healthcare;Medical Instruments & Supplies;0.6499999761581421;0.45 - 16.00;44293.0;;;-0.36766997;4.642857;16.25;0.14;0.04;1.484719;387682.0;1672444800.0;EUR;1686139884
alrea.pa;REALITES;Real Estate;Real Estate—Development;26.600000381469727;25.30 - 41.80;538.0;;1653264000.0;0.029509999;9.70803;6.2295084;2.74;4.27;0.914893;115830768.0;1672444800.0;EUR;1686139884
allux.pa;INSTALLUX;Basic Materials;Aluminum;342.0;322.00 - 416.00;4.0;0.0234;1687737600.0;0.0;14.665524;;23.32;;;95793856.0;1672444800.0;EUR;1686139884
alupg.pa;UPERGY;Consumer Cyclical;Specialty Retail;3.1600000858306885;2.98 - 4.30;213.0;;1513555200.0;0.039690003;10.533333;;0.3;;0.357059;14700763.0;1656547200.0;EUR;1686139884
alcur.pa;ARCURE;Industrials;Specialty Industrial Machinery;2.5999999046325684;1.84 - 3.63;5834.0;;;0.00368;260.0;12.999999;0.01;0.2;0.813333;14807415.0;1672444800.0;EUR;1686139884
altme.pa;TME PHARMA;Healthcare;Biotechnology;1.3700000047683716;0.93 - 9.10;121426.0;;;0.0;;;-12.68;;1.681624;7282906.0;1672444800.0;EUR;1686139884
ali2s.pa;I2S;Industrials;Electrical Equipment & Parts;6.199999809265137;5.30 - 6.45;2.0;0.0108;1687910400.0;0.26365998;29.52381;;0.21;;-0.04294;11391446.0;1672444800.0;EUR;1686139884
alhop.pa;HOPSCOTCH GROUPE;Communication Services;Advertising Agencies;18.399999618530277;12.45 - 21.00;679.0;0.0294;1688601600.0;0.0226;8.72038;8.401826;2.11;2.19;1.304061;47651032.0;1672444800.0;EUR;1686139884
alchi.pa;ALCHIMIE SA;Communication Services;Broadcasting;2.0799999237060547;1.92 - 4.98;1604.0;;;-0.15271;;23.111109;-0.16;0.09;0.963327;9182825.0;1656547200.0;EUR;1686139884
alstw.pa;STREAMWIDE;Technology;Software—Application;14.850000381469728;12.75 - 22.40;589.0;;1372809600.0;0.19303;12.172132;8.892216;1.22;1.67;0.74352;42809136.0;1672444800.0;EUR;1686139884
albon.pa;LEBON;Financial Services;Asset Management;96.0;75.20 - 107.50;502.0;0.0365;1685059200.0;0.07487;10.714286;12.516297;8.96;7.67;0.925725;113069760.0;1656547200.0;EUR;1686139884
alcla.pa;CLASQUIN;Industrials;Integrated Freight & Logistics;80.4000015258789;45.60 - 80.40;1326.0;0.0842;1686528000.0;0.02486;8.445378;14.888889;9.52;5.4;1.141586;184560608.0;1672444800.0;EUR;1686139884
alnrg.pa;ENERGISME;Technology;Software—Application;0.0850000008940696;0.08 - 1.28;379815.0;;;-0.94835;;;-0.62;;-0.218526;1351950.0;1672444800.0;EUR;1686139884
almdt.pa;MEDIAN TECHNOLOGIES;Healthcare;Medical Devices;5.460000038146973;4.05 - 13.16;35792.0;;;-0.84414;;-5.6288657;-1.33;-0.97;1.801934;86046328.0;1672444800.0;EUR;1686139884
albkk.pa;BAIKOWSKI;Basic Materials;Chemicals;17.899999618530273;15.85 - 30.40;451.0;0.0323;1687910400.0;0.12347;9.944445;;1.8;;0.674198;65846580.0;1672444800.0;EUR;1686139884
alpau.pa;PAULIC MEUNERIE;Consumer Defensive;Packaged Foods;2.5899999141693115;2.24 - 3.31;673.0;;;-0.05718;;;-0.23;;1.098171;11953057.0;1672444800.0;EUR;1686139884
alids.pa;IDSUD;Industrials;Conglomerates;152.0;131.00 - 166.00;1.0;;1562716800.0;0.0;584.6154;;0.26;;0.870406;78667752.0;1672444800.0;EUR;1686139884
aldub.pa;ENCRES DUBUIT;Basic Materials;Specialty Chemicals;3.880000114440918;3.01 - 4.00;936.0;0.0765;1687737600.0;-0.0075199995;;55.428574;-0.06;0.07;0.356673;11803814.0;1672444800.0;EUR;1686139884
alnn6.pa;ENENSYS;Technology;Communication Equipment;1.3200000524520874;0.64 - 1.47;55048.0;;;0.23884001;3.1428573;66.00001;0.42;0.02;1.929513;10258222.0;1672444800.0;EUR;1686139884
aldrv.pa;DRONE VOLT;Technology;Computer Hardware;0.0120000001043081;0.01 - 0.06;20559405.0;;;-1.9161999;;;-0.03;0.0;0.916441;21397440.0;1672444800.0;EUR;1686139884
alpdx.pa;PISCINES DESJOYAUX;Consumer Cyclical;Leisure;12.300000190734863;11.95 - 23.25;5662.0;0.083000004;1678838400.0;0.13246;5.1898737;;2.37;;1.026305;110403328.0;1661904000.0;EUR;1686139884
alphe.pa;PHERECYDES PHARMA S.A.;Healthcare;Biotechnology;1.9700000286102293;1.72 - 4.90;6431.0;;;-0.80612;;;-0.76;;0.876198;15596727.0;1656547200.0;EUR;1686139884
alokw.pa;GROUPE OKWIND;Utilities;Utilities—Renewable;25.100000381469727;9.90 - 26.90;11531.0;;;0.03277;89.64286;;0.28;;;206634000.0;1656547200.0;EUR;1686139884
almdp.pa;MEDESIS PHARMA S.A.;Healthcare;Biotechnology;1.950000047683716;1.80 - 4.00;6958.0;;;0.0;;-2.9104478;-0.64;-0.67;;8604200.0;1625011200.0;EUR;1686139884
alcoi.pa;COIL;Basic Materials;Aluminum;5.119999885559082;4.82 - 10.45;1759.0;0.202;1664323200.0;0.071329996;7.4202895;;0.69;;0.543133;14294988.0;1656547200.0;EUR;1686139884
altro.pa;TRONIC'S MICROSYSTEMS;Technology;Semiconductor Equipment & Materials;4.199999809265137;4.02 - 6.00;17.0;;;-0.38705003;;;-0.22;;0.27969;39683952.0;1664496000.0;EUR;1686139884
alica.pa;ICAPE HOLDING;Technology;Electronic Components;16.5;11.40 - 17.97;728.0;0.0121;1686528000.0;0.024130002;15.277777;;1.08;;;133454968.0;1672444800.0;EUR;1686139884
algev.pa;GEVELOT;Industrials;Specialty Industrial Machinery;189.0;169.00 - 206.00;10.0;0.0212;1687910400.0;0.05689;17.982874;;10.51;;;142612400.0;1672444800.0;EUR;1686139884
alwec.pa;WE.CONNECT;Technology;Consumer Electronics;13.899999618530272;13.10 - 17.00;425.0;0.028800001;1686009600.0;0.03317;4.9820786;;2.79;;0.719535;39225660.0;1546214400.0;EUR;1686139884
algen.pa;GENOWAY;Healthcare;Biotechnology;3.849999904632568;2.86 - 4.40;5920.0;;;0.03688;48.125;25.666664;0.08;0.15;0.542746;31874612.0;1672444800.0;EUR;1686139884
alvap.pa;KUMULUS VAPE;Consumer Cyclical;Internet Retail;8.819999694824219;8.34 - 10.95;1523.0;0.011;1655856000.0;0.040009998;11.759999;;0.75;;1.746341;27358758.0;1672444800.0;EUR;1686139884
althx.pa;THERANEXUS;Healthcare;Biotechnology;2.194999933242798;1.18 - 3.18;14370.0;;;0.0;;-1.1929348;-1.31;-1.84;2.076208;11666556.0;1672444800.0;EUR;1686139884
alklk.pa;KERLINK;Technology;Software—Infrastructure;1.090000033378601;0.82 - 4.24;8273.0;;;-0.18569;;-5.4500003;-0.46;-0.2;1.810444;8444001.0;1672444800.0;EUR;1686139884
alnmr.pa;NAMR;Technology;Software—Application;1.899999976158142;1.33 - 5.20;281.0;;;-1.5726199;;;-1.25;;;10988346.0;1672444800.0;EUR;1686139884
alwit.pa;WITBE;Communication Services;Internet Content & Information;7.039999961853027;6.46 - 9.77;1879.0;;;0.028870001;39.11111;8.691358;0.18;0.81;1.496324;28926022.0;1672444800.0;EUR;1686139884
alces.pa;CESAR;Consumer Cyclical;Apparel Retail;0.0350000001490116;0.04 - 0.12;0.0;;;-0.14659001;;;-0.11;;0.135783;80560.0;1490918400.0;EUR;1686139884
albi.pa;GASCOGNE;Consumer Cyclical;Packaging & Containers;4.059999942779541;3.00 - 4.50;1394.0;;1216598400.0;0.04889;5.4133334;;0.75;;0.605415;101233664.0;1672444800.0;EUR;1686139884
alagp.pa;AGRIPOWER;Utilities;Utilities—Renewable;4.789999961853027;4.35 - 9.35;5437.0;;;0.033210002;43.545456;15.966666;0.11;0.3;0.184586;16785692.0;1672444800.0;EUR;1686139884
albio.pa;BIOSYNEX;Healthcare;Medical Devices;9.18000030517578;6.78 - 19.85;6049.0;;1652659200.0;0.07935;6.039474;;1.52;;-2.118762;94118872.0;1672444800.0;EUR;1686139884
alheo.pa;H2O INNOVATION INC;Utilities;Utilities—Regulated Water;2.0799999237060547;1.38 - 2.10;536.0;;;0.014099999;69.333336;29.714285;0.03;0.07;0.754299;187215392.0;1680220800.0;EUR;1686139884
alicr.pa;I.CERAM;Healthcare;Medical Instruments & Supplies;8.399999618530273;7.50 - 14.80;96.0;;;-0.65476996;;-55.999996;-3.49;-0.15;1.096711;2448969.0;1640908800.0;EUR;1686139884
alcab.pa;CABASSE S.A.;Technology;Consumer Electronics;6.519999980926514;5.90 - 15.00;231.0;;;-0.12174;;;-1.07;;;7948206.0;;EUR;1686139884
aldvi.pa;ADVICENNE;Healthcare;Biotechnology;4.255000114440918;3.20 - 6.27;10437.0;;;0.0;;-4.8352275;-1.16;-0.88;1.116441;43330368.0;1672444800.0;EUR;1686139884
alafy.pa;AFYREN;Basic Materials;Specialty Chemicals;4.960000038146973;4.03 - 8.10;2539.0;;;-2.66204;;;-0.37;;;128183264.0;1672444800.0;EUR;1686139884
alnfl.pa;NFL BIOSCIENCES S.A.;Healthcare;Biotechnology;3.1600000858306885;0.71 - 3.58;58795.0;;;0.0;;;-0.47;;;16897406.0;;EUR;1686139884
alsen.pa;SENSORION;Healthcare;Biotechnology;0.2865000069141388;0.26 - 0.62;29472.0;;;0.0;;-14.325001;-0.31;-0.02;2.012765;22860724.0;1664496000.0;EUR;1686139884
alkem.pa;GROUPE BERKEM;Basic Materials;Specialty Chemicals;5.0;4.12 - 9.27;3514.0;0.0128999995;1656892800.0;-0.03039;;;-0.1;;;88233000.0;1672444800.0;EUR;1686139884
alkey.pa;KEYRUS;Technology;Information Technology Services;6.860000133514404;3.27 - 6.94;1781.0;;;0.01087;27.44;;0.25;;1.198065;109025984.0;1672444800.0;EUR;1686139884
alvdm.pa;VOYAGEURS DU MONDE;Consumer Cyclical;Travel Services;118.5;78.20 - 132.00;1580.0;0.0252;1687392000.0;0.06012;455.76926;15.250965;0.26;7.77;1.431334;445432032.0;1672444800.0;EUR;1686139884
alneo.pa;ALPHA MOS;Technology;Scientific & Technical Instruments;1.934000015258789;1.36 - 2.60;4279.0;;;-0.39914;;;-0.28;;-0.597292;19676130.0;1672444800.0;EUR;1686139884
alent.pa;ENTREPARTICULIERS;Communication Services;Internet Content & Information;1.6749999523162842;1.60 - 5.30;1887.0;;1373241600.0;0.086789995;83.75;;0.02;;-0.186847;5309984.0;1640908800.0;EUR;1686139884
aliko.pa;IKONISYS;Healthcare;Medical Devices;1.6399999856948853;1.24 - 2.58;142.0;;;-2.61791;;;-0.27;;;15550037.0;1672444800.0;EUR;1686139884
altbg.pa;THE BLOCKCHAIN GROUP;Technology;Software—Application;0.181999996304512;0.15 - 0.90;483663.0;;;0.0;;;-0.08;;;10980406.0;1672444800.0;EUR;1686139884
alter.pa;THERADIAG;Healthcare;Medical Devices;2.200000047683716;1.38 - 2.39;884.0;;;-0.03706;;;-0.04;0.0;-0.261895;28672600.0;1672444800.0;EUR;1686139884
alpre.pa;PREDILIFE;Healthcare;Diagnostics & Research;6.150000095367432;5.10 - 6.50;1277.0;;;0.0;;;-1.03;;0.232142;22401744.0;1672444800.0;EUR;1686139884
allpl.pa;LEPERMISLIBRE S.A.;Consumer Cyclical;Personal Services;2.930000066757202;1.97 - 3.87;772.0;;;-0.30322;;;-0.18;;;35522148.0;1672444800.0;EUR;1686139884
alesa.pa;ECOSLOPS;Industrials;Waste Management;5.400000095367432;4.17 - 9.70;6166.0;;;-0.09421;;10.8;-0.45;0.5;1.046808;27962280.0;1672444800.0;EUR;1686139884
aleua.pa;EURASIA GROUPE;Real Estate;Real Estate Services;3.440000057220459;3.20 - 4.60;0.0;;;0.60001;1.3490196;;2.55;;0.0441;26059720.0;1640908800.0;EUR;1686139884
albfr.pa;SIDETRADE;Technology;Software—Application;141.0;118.00 - 170.00;418.0;;1467244800.0;0.09105;61.572052;34.643734;2.29;4.07;0.712572;193420976.0;1672444800.0;EUR;1686139884
alspt.pa;SPARTOO;Consumer Cyclical;Internet Retail;0.6819999814033508;0.58 - 1.98;12155.0;;;-0.03069;;;-0.24;;;12480054.0;1672444800.0;EUR;1686139884
alper.pa;LA PERLA FASHION;Consumer Cyclical;Apparel Manufacturing;7.349999904632568;3.40 - 7.50;3.0;;;-0.70554;;;-0.55;;0.082535;772565824.0;1656547200.0;EUR;1686139884
alosm.pa;OSMOZIS;Communication Services;Telecom Services;10.199999809265137;7.52 - 12.70;1036.0;;;0.08677;23.181818;11.333333;0.44;0.9;1.092069;27601302.0;1661904000.0;EUR;1686139884
alhyp.pa;HIPAY GROUP;Technology;Software—Infrastructure;5.179999828338623;3.09 - 11.98;1067.0;;;-0.13204001;;34.53333;-1.53;0.15;1.593036;26389716.0;1672444800.0;EUR;1686139884
alcis.pa;CATERING INTERNATIONAL & SERVIC;Industrials;Specialty Business Services;9.460000038146973;8.12 - 11.10;1563.0;0.0168;1687478400.0;0.02947;8.599999;12.285715;1.1;0.77;1.143907;73577800.0;1672444800.0;EUR;1686139884
aldev.pa;DEVERNOIS;Consumer Cyclical;Apparel Manufacturing;14.0;11.80 - 19.50;0.0;;1369008000.0;0.0;0.90264344;;15.51;;;4186812.0;1672444800.0;EUR;1686139884
alecp.pa;EUROPACORP;Communication Services;Entertainment;0.5239999890327454;0.43 - 0.74;11132.0;;1380499200.0;0.61779;3.275;;0.16;;0.836363;64476628.0;1664496000.0;EUR;1686139884
alene.pa;ENERTIME;Industrials;Specialty Industrial Machinery;1.3350000381469729;1.01 - 2.34;16838.0;;;-1.9929401;;-6.3571434;-0.5;-0.21;2.76441;11166154.0;1672444800.0;EUR;1686139884
alphi.pa;FACEPHI;Technology;Software—Application;2.5999999046325684;2.05 - 3.41;7.0;;;0.0424;43.333332;;0.06;;1.336943;45448000.0;1672444800.0;EUR;1686139884
altpc.pa;SMTPC;Industrials;Infrastructure Operations;28.600000381469727;26.60 - 29.90;750.0;0.0679;1687824000.0;0.36451998;12.222223;15.8011055;2.34;1.81;0.583752;166952496.0;1672444800.0;EUR;1686139884
altri.pa;TRILOGIQ;Industrials;Business Equipment & Supplies;4.440000057220459;3.84 - 5.90;394.0;;1259712000.0;0.00875;88.8;;0.05;0.0;0.767504;15417367.0;1664496000.0;EUR;1686139884
algid.pa;EGIDE;Technology;Electronic Components;0.6200000047683716;0.43 - 1.30;58720.0;;;-0.06401;;;-0.19;;0.743907;6600706.0;1656547200.0;EUR;1686139884
alker.pa;MEDIA MAKER;Communication Services;Internet Content & Information;1.0499999523162842;1.05 - 3.30;0.0;;;0.0;3.181818;;0.33;;;2093101.0;1625011200.0;EUR;1686139884
alsma.pa;S.M.A.I.O.;Healthcare;Health Information Services;1.919999957084656;1.92 - 4.76;1003.0;;;0.89163;;;-0.58;;;12638400.0;1672444800.0;EUR;1686139884
alvmg.pa;VISIOMED GROUP;Healthcare;Medical Instruments & Supplies;0.4758000075817108;0.16 - 0.57;1572027.0;;;-0.36532003;;-2.6433332;-0.02;-0.18;-0.686266;140013184.0;1672444800.0;EUR;1686139884
altho.pa;METAVISIO (THOMSON COMPUTING);Technology;Computer Hardware;1.6449999809265137;0.54 - 9.00;62387.0;;;0.0;1.4954545;;1.1;;;14569715.0;;EUR;1686139884
alavi.pa;ADVINI;Consumer Defensive;Beverages—Wineries & Distilleries;19.899999618530277;17.60 - 24.00;301.0;0.0173;1690329600.0;0.0099599995;25.844156;12.4375;0.77;1.6;0.366344;76828128.0;1672444800.0;EUR;1686139884
alqwa.pa;QWAMPLIFY;Communication Services;Advertising Agencies;3.0199999809265137;3.00 - 6.72;1225.0;;1522886400.0;0.03975;14.380953;;0.21;;0.288201;17460552.0;1664496000.0;EUR;1686139884
almou.pa;MOULINVEST;Basic Materials;Lumber & Wood Production;27.399999618530277;25.10 - 63.90;891.0;0.0366;1677801600.0;0.16268998;4.363057;7.098446;6.28;3.86;1.83675;82928840.0;1661904000.0;EUR;1686139884
alviv.pa;VISIATIV;Technology;Software—Application;31.100000381469727;24.40 - 37.20;1084.0;0.0355;1685923200.0;0.04145;12.798354;8.860399;2.43;3.51;1.357446;139283840.0;1672444800.0;EUR;1686139884
aldel.pa;DELFINGEN INDUSTRY;Consumer Cyclical;Auto Parts;53.0;34.30 - 55.40;544.0;0.012;1687996800.0;0.01953;15.588235;6.794872;3.4;7.8;1.440618;138617792.0;1672444800.0;EUR;1686139884
aleno.pa;ENOGIA;Industrials;Specialty Industrial Machinery;3.3499999046325684;2.62 - 8.18;4763.0;;;-0.7533;;;-1.17;;;13344624.0;1672444800.0;EUR;1686139884
alvu.pa;VENTE UNIQUE.COM;Consumer Cyclical;Internet Retail;11.050000190734863;5.26 - 960.00;588.0;0.0196;1684972800.0;0.01912;39.464287;16.742424;0.28;0.66;1.6588;107391088.0;1664496000.0;EUR;1686139884
almun.pa;MUNIC;Technology;Software—Infrastructure;2.869999885559082;2.46 - 3.90;2406.0;N/A;N/A;0.00061;N/A;143.5;0.0;0.02;2.131215;25639604.0;1672444800;EUR;1686155565
albps.pa;BIOPHYTIS;Healthcare;Biotechnology;0.021900000050663948;0.02 - 0.13;2601422.0;N/A;N/A;0.0;N/A;-0.025764706;-0.15;-0.85;1.116054;6820032.0;1672444800;EUR;1686155565
alimr.pa;IMMERSION;Technology;Software—Application;2.5799999237060547;2.32 - 5.80;186.0;N/A;N/A;0.02167;12.285714;N/A;0.21;N/A;0.778336;4064661.0;1672444800;EUR;1686155565
aldms.pa;DIAGNOSTIC MEDICAL SYSTEMS;Healthcare;Medical Devices;1.2300000190734863;0.88 - 1.44;7245.0;N/A;N/A;-0.18404;N/A;N/A;-0.45;N/A;1.117601;19909518.0;1672444800;EUR;1686155565
alaqu.pa;AQUILA;Industrials;Security & Protection Services;5.550000190734863;4.30 - 6.40;131.0;0.048499998;1685491200;0.016649999;16.818182;N/A;0.33;N/A;N/A;9138242.0;1514678400;EUR;1686155565
alemv.pa;EMOVA GROUP;Consumer Cyclical;Specialty Retail;1.159999966621399;0.81 - 1.61;1037.0;N/A;N/A;0.02473;7.7333326;3.625;0.15;0.32;1.602707;10472108.0;1664496000;EUR;1686155565
albpk.pa;BROADPEAK;Technology;Communication Equipment;4.989999771118164;4.31 - 6.53;2307.0;N/A;N/A;0.029930001;45.363636;N/A;0.11;N/A;N/A;62398948.0;1672444800;EUR;1686155565
altlx.pa;TOOLUX SANDING;Industrials;Tools & Accessories;2.299999952316284;1.60 - 2.30;0.0;N/A;N/A;-0.041360002;N/A;N/A;-0.5;N/A;-0.146615;4033441.0;1640908800;EUR;1686155565
alhit.pa;HITECHPROS;Technology;Information Technology Services;16.799999237060547;14.40 - 17.30;64.0;0.0617;1662336000;0.08445;12.352941;N/A;1.36;N/A;0.805415;27780814.0;1656547200;EUR;1686155565
almdg.pa;MGI DIGITAL GRAPHI;Technology;Computer Hardware;23.850000381469727;22.00 - 36.90;6060.0;N/A;N/A;0.13445;21.294643;14.722222;1.12;1.62;0.961702;151003184.0;1672444800;EUR;1686155565
algec.pa;GECI INTL;Technology;Software—Infrastructure;0.0010999999940395355;0.00 - 0.01;13843930.0;N/A;1001894400;-0.0143;N/A;N/A;0.0;N/A;1.659574;1873454.0;1664496000;EUR;1686155565
aldne.pa;DONTNOD Entertainment;Communication Services;Electronic Gaming & Multimedia;8.199999809265137;7.54 - 13.20;2913.0;N/A;N/A;0.085;30.370369;16.4;0.27;0.5;0.674578;109007520.0;1672444800;EUR;1686155565
alama.pa;AMA CORPORATION PLC;Healthcare;Health Information Services;0.2800000011920929;0.28 - 1.46;2354.0;N/A;N/A;0.0;N/A;N/A;-1.07;N/A;N/A;6417712.0;1672444800;EUR;1686155565
alfpc.pa;FOUNTAINE PAJOT;Consumer Cyclical;Recreational Vehicles;123.5;81.90 - 131.20;325.0;0.0178;1682294400;0.07187;12.437059;12.98633;9.93;9.51;1.522243;205864624.0;1661904000;EUR;1686155565
cobh.br;CO.BR.HA (D);Consumer Defensive;Beverages—Brewers;2740.0;2,480.00 - 3,340.00;1.0;0.0041;1685664000;0.04283;42.779076;N/A;64.05;N/A;0.30174;205500000.0;1672444800;EUR;1686155565
alfoc.pa;FOCUS ENTERTAINMENT;Communication Services;Electronic Gaming & Multimedia;40.79999923706055;38.10 - 52.80;1472.0;N/A;1569974400;-0.00856;N/A;10.049261;-0.16;4.06;0.767117;252608304.0;1664496000;EUR;1686155565
alora.pa;ALTHEORA;Industrials;Electrical Equipment & Parts;0.6600000262260437;0.63 - 1.84;4709.0;N/A;1024876800;-0.0478;N/A;11.000001;-0.07;0.06;0.782978;5111495.0;1672444800;EUR;1686155565
alati.pa;ACTIA GROUP S.A.;Consumer Cyclical;Auto Parts;4.71999979019165;3.18 - 5.20;6339.0;N/A;1600646400;0.03991;94.399994;6.465753;0.05;0.73;N/A;97660568.0;1672444800;EUR;1686155565
alqp.pa;QUADPACK;Consumer Cyclical;Packaging & Containers;19.5;18.60 - 23.40;1.0;N/A;1626739200;-0.025239998;N/A;33.62069;0.0;0.58;0.039071;85026048.0;1659225600;EUR;1686155565
albiz.pa;OBIZ S.A.;Communication Services;Advertising Agencies;5.320000171661377;5.28 - 7.70;1426.0;N/A;N/A;0.00153;532.0;N/A;0.01;N/A;0.366615;23913294.0;1672444800;EUR;1686155565
alsas.pa;STRADIM;Real Estate;Real Estate Services;7.400000095367432;5.70 - 7.85;351.0;0.0547;1692748800;0.031889997;6.3247867;N/A;1.17;N/A;0.365183;25454224.0;1656547200;EUR;1686155565
almnd.pa;MND;Consumer Cyclical;Leisure;1.5549999475479126;1.50 - 3.50;1480.0;N/A;N/A;-0.18704;N/A;15.549999;-6.43;0.1;1.389555;114172304.0;1656547200;EUR;1686155565
alcyb.pa;CYBERGUN;Consumer Cyclical;Leisure;0.10279999673366547;0.09 - 0.57;391923.0;N/A;1316131200;-0.09421;0.08711865;N/A;1.18;N/A;-0.003094;4745679.0;1656547200;EUR;1686155565
alnev.pa;NEOVACS;Healthcare;Biotechnology;1.0;0.70 - 3,104.00;41112.0;N/A;N/A;0.0;N/A;10.0;-199.91;0.1;-0.013152;310613.0;1672444800;EUR;1686155565
alwed.pa;WEDIA;Technology;Software—Application;28.399999618530273;25.10 - 42.10;183.0;0.0062;1684713600;0.0088599995;34.21687;18.562092;0.83;1.53;0.900193;24591134.0;1672444800;EUR;1686155565
alaud.pa;AUDACIA;Financial Services;Asset Management;5.460000038146973;5.02 - 6.16;402.0;N/A;N/A;0.02479;136.5;N/A;0.04;N/A;N/A;25757332.0;1672444800;EUR;1686155565
almic.pa;MICROPOLE;Technology;Information Technology Services;1.1299999952316284;0.86 - 1.26;7236.0;N/A;N/A;0.00656;37.666668;8.692308;0.03;0.13;0.882011;31552990.0;1672444800;EUR;1686155565
alcls.pa;CELLECTIS;Healthcare;Biotechnology;1.8860000371932983;1.61 - 4.25;105372.0;N/A;N/A;0.0;N/A;-1.2829932;-1.82;-1.47;2.052611;106675936.0;1680220800;EUR;1686155565
alqgc.pa;QUANTUM GENOMICS;Healthcare;Biotechnology;0.17299999296665192;0.09 - 4.32;90873.0;N/A;N/A;0.0;N/A;-0.46756753;-0.78;-0.37;N/A;6023306.0;1672444800;EUR;1686155565
allog.pa;LOGIC INSTRUMENT;Technology;Computer Hardware;0.36000001430511475;0.27 - 0.44;6050.0;N/A;1180656000;0.0023999999;N/A;N/A;-0.03;N/A;0.950096;3268649.0;1672444800;EUR;1686155565
al2si.pa;2CRSI;Technology;Computer Hardware;1.840000033378601;1.49 - 4.38;15159.0;N/A;N/A;-0.0019200001;N/A;-46.0;-0.02;-0.04;1.349038;26168480.0;1661904000;EUR;1686155565
alpou.pa;POULAILLON;Consumer Defensive;Packaged Foods;4.639999866485596;4.01 - 4.90;560.0;N/A;1586217600;0.01197;42.181816;12.888888;0.11;0.36;0.711025;23715596.0;1664496000;EUR;1686155565
algau.pa;GAUSSIN;Consumer Cyclical;Auto Manufacturers;1.7289999723434448;1.51 - 5.34;163294.0;N/A;N/A;-0.44373;N/A;N/A;-1.19;0.0;1.268471;63765692.0;1672444800;EUR;1686155565
alonx.pa;ONXEO;Healthcare;Biotechnology;0.27300000190734863;0.13 - 0.75;28567.0;N/A;N/A;0.0;N/A;0.4627119;-0.19;0.59;1.858027;30284164.0;1672444800;EUR;1686155565
alhun.pa;HUNYVERS;Consumer Cyclical;Specialty Retail;15.050000190734863;10.75 - 15.30;2259.0;N/A;N/A;0.04541;12.6470585;N/A;1.19;N/A;N/A;58184052.0;N/A;EUR;1686155565
alagr.pa;AgroGeneration;Consumer Defensive;Farm Products;0.05689999833703041;0.05 - 0.14;47471.0;N/A;N/A;-0.36041;N/A;N/A;-0.07;N/A;0.575241;13585102.0;1656547200;EUR;1686155565
aldar.pa;DAMARTEX;Consumer Cyclical;Apparel Retail;8.5;8.20 - 16.65;355.0;0.0121;1669939200;-0.02628;N/A;-9.139785;-1.65;-0.93;1.206576;95171104.0;1672444800;EUR;1686155565
alact.pa;ACTICOR BIOTECH;Healthcare;Biotechnology;5.599999904632568;5.10 - 11.00;1694.0;N/A;N/A;0.0;N/A;N/A;-1.51;N/A;N/A;68889520.0;1672444800;EUR;1686155565
algro.pa;GROLLEAU;Industrials;Metal Fabrication;4.900000095367432;4.70 - 9.90;381.0;0.0082;1666137600;0.02026;16.333332;N/A;0.3;N/A;N/A;13926290.0;1664496000;EUR;1686155565
alobr.pa;OBER;Industrials;Building Products & Equipment;6.900000095367432;6.55 - 9.50;467.0;0.087;1658707200;0.011030001;21.5625;3.9884393;0.32;1.73;0.615087;9947178.0;1656547200;EUR;1686155565
almex.pa;MEXEDIA S.P.A;Financial Services;Asset Management;34.79999923706055;25.00 - 45.00;268.0;N/A;N/A;0.03146;55.238094;N/A;0.63;N/A;N/A;207749728.0;1672444800;EUR;1686155565
alhyg.pa;HYBRIGENICS;Healthcare;Biotechnology;0.05469999834895134;0.05 - 0.20;329672.0;N/A;N/A;0.0;N/A;-0.341875;-0.0;-0.16;N/A;15059020.0;N/A;EUR;1686155565
alkal.pa;KALRAY;Technology;Semiconductors;26.100000381469727;13.30 - 28.10;42718.0;N/A;N/A;-0.50767;N/A;-36.760567;-3.16;-0.71;1.584998;210394448.0;1672444800;EUR;1686155565
alimp.pa;IMPLANET;Healthcare;Medical Devices;0.17319999635219574;0.12 - 0.29;31173.0;N/A;N/A;-0.44096002;N/A;N/A;-0.17;N/A;1.111411;5401034.0;1672444800;EUR;1686155565
allex.pa;LEXIBOOK LINGUIST.;Consumer Cyclical;Leisure;2.559999942779541;1.64 - 4.75;8718.0;N/A;900892800;0.060510002;6.243902;4.7407403;0.41;0.54;2.106382;19874098.0;1664496000;EUR;1686155565
almib.pa;AMOEBA;Basic Materials;Agricultural Inputs;0.5879999995231628;0.48 - 1.38;49107.0;N/A;N/A;0.0;N/A;-6.5333333;-0.24;-0.09;0.290909;27215228.0;1672444800;EUR;1686155565
alboa.pa;BOA CONCEPT;Industrials;Specialty Industrial Machinery;32.20000076293945;27.50 - 35.90;517.0;N/A;N/A;0.14144;10.841751;N/A;2.97;N/A;N/A;30814080.0;1672444800;EUR;1686155565
alalo.pa;Acheter-Louer.fr;Communication Services;Advertising Agencies;0.0006000000284984708;0.00 - 32.00;17735060.0;N/A;N/A;0.0;N/A;N/A;-1.71;N/A;N/A;21378.0;1672444800;EUR;1686155565
alsaf.pa;SAFE;Healthcare;Medical Instruments & Supplies;0.20000000298023224;0.20 - 210.90;17566.0;N/A;N/A;0.0;N/A;-4.0;-219.73;-0.05;N/A;98356.0;1672444800;EUR;1686155565
alint.pa;INTEGRAGEN;Healthcare;Biotechnology;1.350000023841858;1.04 - 1.53;1605.0;N/A;N/A;-0.00026;N/A;N/A;-0.0;N/A;0.33733;8947773.0;1672444800;EUR;1686155565
aluci.pa;LUCIBEL;Industrials;Electrical Equipment & Parts;0.7200000286102295;0.63 - 1.55;17290.0;N/A;N/A;-0.27969;N/A;4.0;-0.14;0.18;1.027079;14566321.0;1672444800;EUR;1686155565
alhrg.pa;HERIGE;Basic Materials;Building Materials;38.29999923706055;30.20 - 47.40;681.0;0.048899997;1686182400;0.02757;4.8419724;4.6707315;7.91;8.2;0.700967;108337672.0;1672444800;EUR;1686155565
alpat.pa;PLANT ADVANCED;Healthcare;Biotechnology;13.399999618530273;11.60 - 18.30;264.0;N/A;N/A;-0.36297;11.260504;12.407407;1.19;1.08;0.745454;14673268.0;1672444800;EUR;1686155565
alpro.pa;PRODWARE;Technology;Software—Application;9.149999618530273;6.20 - 9.65;292.0;N/A;1563321600;0.0834;5.648148;6.224489;1.62;1.47;0.927272;70036384.0;1672444800;EUR;1686155565
alval.pa;VALBIOTIS;Healthcare;Biotechnology;4.769999980926514;2.82 - 6.88;159403.0;N/A;N/A;0.0;N/A;-95.4;-1.23;-0.05;0.439845;61198144.0;1672444800;EUR;1686155565
alhf.pa;HF COMPANY;Technology;Communication Equipment;5.519999980926514;5.10 - 7.98;1337.0;0.0916;1688342400;0.08271;32.47059;-184.0;0.17;-0.03;0.678529;17231840.0;1672444800;EUR;1686155565
alcbx.pa;CIBOX INTER A CTIV;Technology;Computer Hardware;0.028599999845027924;0.02 - 0.12;163002.0;N/A;902707200;-0.16875;N/A;N/A;-0.0;N/A;1.53617;3716798.0;1672444800;EUR;1686155565
alinv.pa;INVIBES ADVERTISING N.V.;Communication Services;Advertising Agencies;7.28000020980835;4.50 - 19.60;2000.0;N/A;N/A;-0.28277;N/A;N/A;-1.77;N/A;0.323017;32563878.0;1672444800;EUR;1686155565
alcog.pa;COGRA;Basic Materials;Lumber & Wood Production;12.800000190734863;10.00 - 19.40;3073.0;N/A;N/A;0.09994;8.95105;9.411765;1.43;1.36;0.265764;43862656.0;1672444800;EUR;1686155565
alfum.pa;FILL UP MEDIA S.A.;Communication Services;Advertising Agencies;5.920000076293945;4.48 - 10.00;210.0;N/A;N/A;0.01678;592.0;N/A;0.01;N/A;N/A;16682619.0;N/A;EUR;1686155565
algld.pa;GOLD BY GOLD;Basic Materials;Other Precious Metals & Mining;1.409999966621399;1.12 - 2.38;134.0;0.026700001;1657670400;-0.027490001;N/A;N/A;-0.01;N/A;-0.006963;3799188.0;1640908800;EUR;1686155565
aleco.pa;ECOMIAM SA;Consumer Defensive;Food Distribution;5.699999809265137;4.00 - 8.54;937.0;N/A;N/A;-0.05391;N/A;-13.902439;-0.62;-0.41;0.908902;19607772.0;1664496000;EUR;1686155565
rock.br;WHITESTONE GROUP;Industrials;Specialty Business Services;11.5;8.80 - 11.80;535.0;N/A;1542067200;-0.014450001;N/A;N/A;-0.48;N/A;2.433655;26201370.0;1640908800;EUR;1686155565
aldls.pa;D.L.S.I.;Industrials;Staffing & Employment Services;13.100000381469727;8.12 - 13.90;812.0;0.0226;1656547200;0.02434;6.717949;8.675497;1.95;1.51;1.502514;33044750.0;1672444800;EUR;1686155565
alflo.pa;FLORENTAISE S.A.;Basic Materials;Agricultural Inputs;7.193999767303467;7.15 - 9.50;357.0;N/A;N/A;0.0;44.962498;N/A;0.16;N/A;N/A;45743552.0;N/A;EUR;1686155565
allln.pa;LLEIDA;Communication Services;Telecom Services;1.684999942779541;1.61 - 3.80;295.0;0.0092;1655942400;0.0038;N/A;N/A;-0.03;N/A;1.146228;26313970.0;1656547200;EUR;1686155565
almii.pa;M2i;Technology;Information Technology Services;3.5799999237060547;3.10 - 4.48;811.0;N/A;N/A;0.03674;10.228571;5.1142855;0.35;0.7;1.18762;19093858.0;1672444800;EUR;1686155565
alkom.pa;PLASTICOS COMPUESTOS S.A. (KOMP;Basic Materials;Specialty Chemicals;0.800000011920929;0.79 - 1.82;5.0;N/A;N/A;-0.02619;N/A;N/A;-0.01;N/A;0.350505;12837440.0;1640908800;EUR;1686155565
alrgr.pa;ROUGIER S.A.;Basic Materials;Lumber & Wood Production;17.600000381469727;11.40 - 19.40;1361.0;N/A;1339113600;0.08252;3.205829;N/A;5.49;N/A;-0.032846;19057280.0;1498780800;EUR;1686155565
alfba.pa;FASHION B AIR;Consumer Cyclical;Apparel Retail;0.10599999874830246;0.11 - 0.50;183354.0;N/A;1308787200;-0.66441;N/A;N/A;-0.14;N/A;1.080077;2178967.0;1522454400;EUR;1686155565
alisp.pa;ISPD NETWORK;Communication Services;Advertising Agencies;4.039999961853027;3.80 - 4.22;95.0;N/A;1575244800;0.04152;13.466666;9.395349;0.3;0.43;0.598065;59453852.0;1672444800;EUR;1686155565
alkla.pa;KLARSEN;Communication Services;Advertising Agencies;3.5;1.43 - 3.95;74250.0;N/A;N/A;0.19869;29.166668;N/A;0.12;N/A;1.933075;11597565.0;1672444800;EUR;1686155565
aldol.pa;DOLFINES;Energy;Oil & Gas Equipment & Services;0.00570000009611249;0.00 - 0.38;7183300.0;N/A;N/A;-0.52738;N/A;N/A;-0.01;0.0;2.439458;1704060.0;1656547200;EUR;1686155565
alunt.pa;UNITI;Consumer Cyclical;Residential Construction;2.059999942779541;1.55 - 2.70;82.0;N/A;N/A;0.0015700001;103.0;N/A;0.02;N/A;-0.258027;33658544.0;1672444800;EUR;1686155565
alpcv.pa;CERINNOV GROUP;Industrials;Specialty Industrial Machinery;2.740000009536743;0.98 - 3.00;6635.0;N/A;N/A;-0.08199;N/A;19.571428;-0.25;0.14;2.270019;12296928.0;1656547200;EUR;1686155565
altxc.pa;TXCOM;Technology;Communication Equipment;9.149999618530273;8.00 - 10.20;232.0;0.040900003;1661299200;0.05527;16.944443;N/A;0.54;N/A;0.383365;12076535.0;1672444800;EUR;1686155565
alcox.pa;NICOX S.A.;Healthcare;Biotechnology;0.5600000023841858;0.55 - 2.09;73496.0;N/A;N/A;0.0;N/A;-1.4;-0.62;-0.4;0.966344;28095480.0;1672444800;EUR;1686155565
almer.pa;SAPMER;Consumer Defensive;Packaged Foods;15.399999618530273;8.20 - 16.80;14.0;N/A;1536710400;0.03562;8.062827;N/A;1.91;N/A;0.523404;53878440.0;1672444800;EUR;1686155565
alblu.pa;BLUELINEA;Healthcare;Medical Devices;1.4500000476837158;1.02 - 2.29;79.0;N/A;N/A;-0.13492;N/A;N/A;-0.13;N/A;0.78646;17724510.0;1672444800;EUR;1686155565
allix.pa;WALLIX;Technology;Software—Infrastructure;12.5;9.03 - 17.36;3209.0;N/A;N/A;-0.20712;N/A;54.347824;-0.95;0.23;1.305996;78019872.0;1672444800;EUR;1686155565
alver.pa;VERGNET;Utilities;Utilities—Independent Power Producers;9.999999747378752e-05;0.00 - 793.60;285007742.0;N/A;N/A;-0.48199;N/A;N/A;-84.75;N/A;-0.12882;74725.0;1640908800;EUR;1686155565
alast.pa;A.S.T. GROUPE;Consumer Cyclical;Residential Construction;1.4049999713897705;1.37 - 3.75;7205.0;0.069699995;1655856000;-0.05863;N/A;4.390625;-0.71;0.32;0.990328;18161872.0;1672444800;EUR;1686155565
aleac.pa;EDILIZIACROBATICA;Industrials;Specialty Business Services;16.399999618530273;13.80 - 18.60;501.0;0.0307;1683504000;0.113620006;8.817204;N/A;1.86;N/A;0.960712;136376160.0;1672444800;EUR;1686155565
alhrs.pa;HYDROGEN-REFUELING-SOLUTIONS;Consumer Cyclical;Specialty Retail;20.100000381469727;16.12 - 29.90;5426.0;N/A;N/A;-0.091000006;N/A;287.14285;-18.85;0.07;1.205919;304703936.0;1672444800;EUR;1686155565
albld.pa;BILENDI;Communication Services;Advertising Agencies;19.020000457763672;14.10 - 29.00;1670.0;N/A;N/A;0.06364;22.915663;11.527273;0.83;1.65;1.054545;86309336.0;1672444800;EUR;1686155565
alcor.pa;BIOCORP;Healthcare;Medical Devices;33.900001525878906;13.40 - 34.30;19347.0;N/A;N/A;-0.05564;N/A;130.38463;-0.18;0.26;1.02205;149112208.0;1672444800;EUR;1686155565
alese.pa;ENTECH;Utilities;Utilities—Renewable;9.380000114440918;7.00 - 10.12;6649.0;N/A;N/A;-0.03398;N/A;N/A;-0.08;N/A;N/A;136268896.0;1664496000;EUR;1686155565
allgo.pa;LARGO;Technology;Electronics & Computer Distribution;1.215000033378601;1.18 - 7.88;3751.0;N/A;N/A;-0.23877001;N/A;N/A;-1.42;N/A;-0.406029;4313614.0;1672444800;EUR;1686155565
allec.pa;COGELEC;Technology;Communication Equipment;7.400000095367432;6.08 - 8.46;576.0;0.04;1688083200;-0.00957;N/A;14.509805;-0.03;0.51;0.837542;65845572.0;1656547200;EUR;1686155565
algbe.pa;GLOBALBIOENERGIES;Utilities;Utilities—Diversified;3.8299999237060547;1.95 - 5.38;139605.0;N/A;N/A;0.0;N/A;N/A;-0.79;N/A;1.944294;58475672.0;1672444800;EUR;1686155565
aleo2.pa;EO2;Basic Materials;Lumber & Wood Production;5.300000190734863;4.22 - 7.34;471.0;N/A;1508976000;0.050640002;23.043478;N/A;0.23;N/A;1.041005;14525552.0;1661904000;EUR;1686155565
aluvi.pa;UV GERMI;Industrials;Pollution & Treatment Controls;4.449999809265137;2.96 - 5.50;1956.0;N/A;N/A;0.009;111.25;13.484847;0.04;0.33;-1.210058;13823079.0;1672444800;EUR;1686155565
altuv.pa;BIO-UV GROUP;Industrials;Waste Management;4.224999904632568;3.45 - 5.57;22879.0;0.0155;1695772800;0.050100002;17.604166;9.825581;0.24;0.43;0.473625;42815728.0;1656547200;EUR;1686155565
alodc.pa;OMER-DECUGIS & CIE;Consumer Defensive;Food Distribution;4.690000057220459;3.40 - 8.16;519.0;0.0075;1683072000;-0.00654;N/A;N/A;-0.14;N/A;N/A;40393612.0;1664496000;EUR;1686155565
alitl.pa;IT LINK;Technology;Information Technology Services;27.799999237060547;21.60 - 31.00;1092.0;0.0115;1688515200;0.04973;15.617977;10.373134;1.78;2.68;1.306382;46986724.0;1656547200;EUR;1686155565
alvg.pa;VEOM Group;Technology;Consumer Electronics;1.9700000286102295;1.32 - 4.05;3535.0;N/A;N/A;0.12809;1.3680555;-9.85;1.44;-0.2;1.61586;5030099.0;1672444800;EUR;1686155565
alhgo.pa;HAMILTON GLOBAL OPPORTUNITIES P;Financial Services;Asset Management;46.0;42.20 - 56.00;1.0;N/A;N/A;4.73103;14.11043;N/A;3.26;N/A;0.117462;18878354.0;1672444800;EUR;1686155565
alata.pa;ATARI S.A.;Communication Services;Electronic Gaming & Multimedia;0.13979999721050262;0.11 - 0.24;379726.0;N/A;N/A;-1.9469701;N/A;N/A;-0.09;N/A;0.34468;58690276.0;1664496000;EUR;1686155565
aleni.pa;ENIBLOCK;Technology;Software—Application;1.0099999904632568;0.80 - 8.25;67.0;N/A;N/A;0.0;N/A;N/A;-0.18;N/A;N/A;21344936.0;N/A;EUR;1686155565
alvet.pa;THERAVET;Healthcare;Biotechnology;1.840000033378601;1.75 - 5.78;11036.0;N/A;N/A;-1.44566;N/A;N/A;-0.7;N/A;N/A;5932049.0;1672444800;EUR;1686155565
alnov.pa;NOVACYT;Healthcare;Medical Devices;0.49000000953674316;0.46 - 2.05;119656.0;N/A;N/A;-1.22291;N/A;1.8846155;-0.38;0.26;-2.222437;34606840.0;1672444800;EUR;1686155565
alsgd.pa;SPINEGUARD;Healthcare;Medical Devices;0.49549999833106995;0.40 - 1.08;137373.0;N/A;N/A;-0.42738;N/A;49.55;-0.06;0.01;2.558607;16976474.0;1672444800;EUR;1686155565
allhb.pa;LES HOTELS BAVEREZ;Consumer Cyclical;Lodging;58.0;51.00 - 65.00;60.0;0.0047999998;1687305600;0.18224001;19.333334;N/A;3.0;N/A;0.228626;137603264.0;1672444800;EUR;1686155565
alvia.pa;VIALIFE;Consumer Cyclical;Specialty Retail;13.399999618530273;11.60 - 16.40;0.0;N/A;1631836800;0.0;N/A;N/A;-0.24;N/A;N/A;5305354.0;N/A;EUR;1686155565
alinn.pa;INNELEC MULTIMEDIA;Technology;Electronics & Computer Distribution;6.139999866485596;4.62 - 6.20;1088.0;0.0685;1664236800;0.01036;11.37037;7.1395345;0.54;0.86;1.073887;17578942.0;1664496000;EUR;1686155565
cand.br;CANDELA INVEST;Financial Services;Asset Management;3.9600000381469727;3.16 - 3.98;0.0;0.1618;1592956800;-0.13621001;19.701492;N/A;0.201;N/A;-0.203094;4262385.0;1640908800;EUR;1686155565
alntg.pa;NETGEM;Technology;Communication Equipment;1.100000023841858;0.90 - 1.41;8672.0;0.045700002;1686096000;0.0;N/A;10.0;0.0;0.11;N/A;32215480.0;1680220800;EUR;1686155565
soft.br;SOFTIMAT;Real Estate;Real Estate Services;1.899999976158142;1.88 - 2.66;1100.0;0.25;1685923200;-0.38324;N/A;N/A;-0.09;N/A;-0.326885;8607570.0;1656547200;EUR;1686155565
alie.pa;IERVOLINO & LADY BACARDI ENTERT;Communication Services;Entertainment;0.7519999742507935;0.75 - 1.95;0.0;N/A;N/A;0.02159;5.3714285;N/A;0.14;N/A;1.966329;30324174.0;1672444800;EUR;1686155565
aleup.pa;EUROPLASMA;Industrials;Waste Management;0.34299999475479126;0.30 - 91.00;163849.0;N/A;N/A;-0.2702;N/A;N/A;-0.0;N/A;0.508317;3147347.0;1656547200;EUR;1686155565
alkko.pa;KKO INTERNATIONAL;Consumer Defensive;Farm Products;0.12999999523162842;0.10 - 0.18;15743.0;N/A;N/A;-0.44999;N/A;N/A;-0.0;N/A;-0.178246;15857009.0;1672444800;EUR;1686155565
albud.pa;MINT;Communication Services;Telecom Services;3.0299999713897705;1.80 - 3.62;2024.0;N/A;1390867200;-0.03241;4.6615386;N/A;0.65;N/A;1.413152;18324652.0;1656547200;EUR;1686155565
almil.pa;1000MERCIS;Communication Services;Advertising Agencies;27.399999618530273;24.60 - 55.00;269.0;0.35419998;1683763200;0.02813;34.683544;23.02521;0.79;1.19;0.801547;61452172.0;1672444800;EUR;1686155565
almks.pa;MAKING SCIENCE GROUP S.A.;Communication Services;Advertising Agencies;11.100000381469727;11.00 - 20.40;61.0;N/A;N/A;-0.023359999;N/A;N/A;-0.62;N/A;1.649663;83101264.0;1672444800;EUR;1686155565
alphs.pa;PHARMASIMPLE;Consumer Cyclical;Internet Retail;0.012900000438094139;0.00 - 10.00;0.0;N/A;N/A;-0.14997;N/A;N/A;-71.27;N/A;0.957833;1973.0;1625011200;EUR;1686155565
alpha.pa;PHARNEXT;Healthcare;Biotechnology;0.13519999384880066;0.00 - 420,000.00;976042.0;N/A;N/A;0.0;N/A;-0.007115789;-1307.69;-19.0;N/A;18098.0;1672444800;EUR;1686155565
alcbi.pa;CRYPTO BLOCKCHAIN INDUSTRIES;Financial Services;Asset Management;0.5899999737739563;0.52 - 1.65;5601.0;N/A;N/A;0.48416;59.0;N/A;0.01;N/A;N/A;143747008.0;1664496000;EUR;1686155565
alaur.pa;AURES TECHNOLOGIES S.A.;Industrials;Business Equipment & Supplies;5.460000038146973;4.65 - 18.20;1270.0;N/A;1562716800;0.0;N/A;42.0;-0.62;0.13;N/A;21579448.0;1672444800;EUR;1686155565
alpix.pa;PIXIUM VISION;Healthcare;Medical Instruments & Supplies;0.06509999930858612;0.03 - 0.58;1409858.0;N/A;N/A;0.0;N/A;-0.406875;-0.2;-0.16;0.389168;9896698.0;1672444800;EUR;1686155565
alenr.pa;ENTREPRENDRE;Communication Services;Publishing;4.199999809265137;3.60 - 6.70;0.0;0.0588;1663027200;-0.07912;N/A;N/A;-1.27;N/A;N/A;2552701.0;1672444800;EUR;1686155565
alimo.pa;GROUPIMO;Real Estate;Real Estate Services;1.190000057220459;1.19 - 2.10;132.0;0.1267;1658275200;0.13394;7.0000005;N/A;0.17;N/A;0.531914;1577797.0;1656547200;EUR;1686155565
alpri.pa;PRISMAFLEX INTL;Communication Services;Advertising Agencies;6.440000057220459;5.30 - 9.90;247.0;N/A;971654400;-0.04531;N/A;3.1568627;-1.84;2.04;1.556673;8786478.0;1672444800;EUR;1686155565
almta.pa;METADVERTISE;Communication Services;Advertising Agencies;1.4800000190734863;0.28 - 2.43;149699.0;N/A;N/A;0.10627;14.8;N/A;0.1;N/A;1.803868;31266036.0;1672444800;EUR;1686155565
algre.pa;ALGREEN;Consumer Defensive;Food Distribution;9.999999747378752e-05;0.00 - 0.01;19581684.0;N/A;N/A;-0.94071996;N/A;N/A;-0.01;N/A;0.889748;195409.0;1664496000;EUR;1686155565
alnsc.pa;NSC GROUPE;Industrials;Specialty Industrial Machinery;53.0;35.60 - 64.50;0.0;N/A;1559606400;0.027579999;22.746782;N/A;2.33;N/A;0.23056;22101160.0;1672444800;EUR;1686155565
allan.pa;LANSON-BCC;Consumer Defensive;Beverages—Wineries & Distilleries;44.20000076293945;27.30 - 46.40;808.0;0.0217;1684281600;0.13396;7.9783397;9.266248;5.54;4.77;0.542746;295925632.0;1672444800;EUR;1686155565
alu10.pa;U10 CORP;Consumer Cyclical;Furnishings, Fixtures & Appliances;1.25;1.12 - 1.64;895.0;0.064;1688083200;-8.9999994e-05;N/A;17.857143;-0.0;0.07;0.80735;21346500.0;1672444800;EUR;1686155565
alnmg.pa;NETMEDIA GROUP;Communication Services;Advertising Agencies;0.08370000123977661;0.08 - 0.22;70556.0;N/A;1222128000;-0.20823;N/A;N/A;-0.01;N/A;0.574081;24712092.0;1672444800;EUR;1686155565
albdm.pa;BD MULTI MEDIA;Communication Services;Telecom Services;2.8299999237060547;1.29 - 4.53;7317.0;N/A;1467158400;0.0;N/A;N/A;-0.33;N/A;N/A;6723825.0;1672444800;EUR;1686155565
alnse.pa;NSE;Technology;Scientific & Technical Instruments;20.600000381469727;14.05 - 26.40;80.0;0.011;1688515200;0.046609998;21.237114;15.036496;0.97;1.37;0.266537;65390580.0;1672444800;EUR;1686155565
alins.pa;INTRASENSE;Healthcare;Health Information Services;0.4320000112056732;0.29 - 0.51;14195.0;N/A;N/A;-0.90237;N/A;-10.8;-0.11;-0.04;-0.183365;22367406.0;1672444800;EUR;1686155565
alamg.pa;AUPLATA MINING GROUP (AMG);Basic Materials;Gold;0.00139999995008111;0.00 - 0.04;27952123.0;N/A;N/A;-0.51236;N/A;N/A;-0.05;N/A;-1.012252;3525018.0;1656547200;EUR;1686155565
aldbt.pa;DBT;Industrials;Specialty Industrial Machinery;0.00139999995008111;0.00 - 0.03;49033523.0;N/A;N/A;-0.38903;N/A;-0.0022580645;-0.01;-0.62;1.721083;884850.0;1672444800;EUR;1686155565
alarf.pa;ADEUNIS;Technology;Communication Equipment;1.7200000286102295;1.67 - 2.75;1496.0;N/A;N/A;-0.07617;N/A;N/A;-0.21;N/A;0.473114;3930114.0;1664496000;EUR;1686155565
alrib.pa;RIBER;Technology;Semiconductor Equipment & Materials;1.590000033378601;1.45 - 1.93;7043.0;0.031400003;1688342400;0.00719;159.0;13.250001;0.01;0.12;1.12147;33393340.0;1672444800;EUR;1686155565
aldbl.pa;BERNARD LOISEAU;Consumer Cyclical;Restaurants;3.6600000858306885;2.90 - 4.88;6.0;N/A;1438128000;-0.10186;N/A;N/A;-0.15;N/A;0.40116;8046766.0;1672444800;EUR;1686155565
alpjt.pa;POUJOULAT;Industrials;Building Products & Equipment;26.899999618530273;15.50 - 33.00;1206.0;0.0087;1664323200;0.06258;9.711191;8.566878;2.77;3.14;0.596131;210585568.0;1664496000;EUR;1686155565
allam.pa;LLAMA GROUP;Technology;Communication Equipment;0.7870000004768372;0.23 - 2.75;0.0;N/A;N/A;-0.28323;N/A;-1.2492063;-0.69;-0.63;0.892273;10244379.0;1656547200;EUR;1686155565
aldnx.pa;DNXCORP;Communication Services;Internet Content & Information;17.0;8.52 - 17.00;1171.0;0.059499998;1654473600;0.20025998;7.488987;N/A;2.27;N/A;0.806189;33649288.0;1672444800;EUR;1686155565
alado.pa;ADOMOS;Real Estate;Real Estate Services;9.999999747378752e-05;0.00 - 0.04;48834148.0;N/A;N/A;-0.57897;N/A;N/A;-0.02;N/A;0.425531;53565.0;1672444800;EUR;1686155565
altti.pa;TRAVEL TECHNOLOGY;Technology;Software—Application;3.940000057220459;1.75 - 4.30;67.0;0.0311;1684108800;0.2726;21.888887;N/A;0.18;N/A;0.2;30889994.0;1672444800;EUR;1686155565
alldl.pa;GROUPE LDLC;Technology;Electronics & Computer Distribution;23.0;19.22 - 31.35;6240.0;0.0645;1677024000;0.02629;8.712121;11.794871;2.64;1.95;1.53733;139610912.0;1664496000;EUR;1686155565
almrb.pa;MR BRICOLAGE;Consumer Cyclical;Home Improvement Retail;8.180000305175781;7.64 - 11.25;2036.0;N/A;1530144000;0.07406;3.8403754;3.7013576;2.13;2.21;0.562862;83693672.0;1672444800;EUR;1686155565
almet.pa;METHANOR;Utilities;Utilities—Diversified;3.7300000190734863;3.44 - 4.20;1778.0;0.0397;1688601600;15.930031;6.660714;13.321428;0.56;0.28;0.235589;7436128.0;1672444800;EUR;1686155565
almas.pa;MASTRAD;Consumer Defensive;Household & Personal Products;0.04500000178813934;0.03 - 0.23;150796.0;N/A;1331683200;0.0;N/A;N/A;-0.07;N/A;N/A;3709255.0;1672444800;EUR;1686155565
almgi.pa;MG INTERNATIONAL;Industrials;Security & Protection Services;7.599999904632568;5.96 - 13.30;528.0;N/A;1138665600;0.080249995;5.801527;N/A;1.31;N/A;0.841005;39216380.0;1672444800;EUR;1686155565
alsei.pa;SOCIETA EDITORIALE IL FATTO;Communication Services;Publishing;0.2840000092983246;0.28 - 0.44;0.0;N/A;N/A;0.07571;28.400002;N/A;0.01;N/A;0.1875;6409056.0;1672444800;EUR;1686155565
alnlf.pa;NEOLIFE;Consumer Cyclical;Furnishings, Fixtures & Appliances;0.10660000145435333;0.02 - 0.16;524917.0;N/A;N/A;-0.26664;N/A;N/A;-0.01;N/A;2.481624;5583452.0;1672444800;EUR;1686155565
alcj.pa;CROSSJECT;Healthcare;Medical Instruments & Supplies;3.5250000953674316;1.70 - 5.00;27274.0;N/A;N/A;-1.57964;N/A;10.071429;-0.4;0.35;1.240618;123015104.0;1672444800;EUR;1686155565
alfre.pa;FREELANCE.COM;Industrials;Staffing & Employment Services;5.840000152587891;5.02 - 7.49;9301.0;N/A;1216339200;0.02262;19.466667;12.166667;0.3;0.48;1.158994;341957696.0;1672444800;EUR;1686155565
